[
    {
        "id": "c73516050e9670c4",
        "type": "tab",
        "label": "Flow 2",
        "disabled": false,
        "info": "",
        "env": []
    },
    {
        "id": "8c0759f2b73c30ef",
        "type": "serial in",
        "z": "c73516050e9670c4",
        "name": "",
        "serial": "632ce51bae434d89",
        "x": 150,
        "y": 140,
        "wires": [
            [
                "78c9b7023caae7d3"
            ]
        ]
    },
    {
        "id": "78c9b7023caae7d3",
        "type": "json",
        "z": "c73516050e9670c4",
        "name": "",
        "property": "payload",
        "action": "",
        "pretty": false,
        "x": 250,
        "y": 200,
        "wires": [
            [
                "7fe478bfb80dde25"
            ]
        ]
    },
    {
        "id": "7fe478bfb80dde25",
        "type": "function",
        "z": "c73516050e9670c4",
        "name": "",
        "func": "var value=JSON.parse(JSON.stringify(msg.payload));\nvalue=msg;\nvar nbppl = msg.payload.Nbppl;\nmsg.payload = [nbppl];\nmsg.topic = 'UPDATE Salles SET nbpersonne=? WHERE id=1;';\nreturn msg;",
        "outputs": 1,
        "timeout": "",
        "noerr": 0,
        "initialize": "",
        "finalize": "",
        "libs": [],
        "x": 360,
        "y": 260,
        "wires": [
            [
                "4aebfc352c4acb8b"
            ]
        ]
    },
    {
        "id": "4aebfc352c4acb8b",
        "type": "mysql",
        "z": "c73516050e9670c4",
        "mydb": "a8c399d7db9657e5",
        "name": "",
        "x": 520,
        "y": 200,
        "wires": [
            []
        ]
    },
    {
        "id": "a8c399d7db9657e5",
        "type": "MySQLdatabase",
        "name": "",
        "host": "127.0.0.1",
        "port": "3306",
        "db": "siteweb",
        "tz": "",
        "charset": "UTF8"
    }
]